ОТДЕЛЕНИЕ;USD пок;USD прод;EUR пок;EUR прод;RUB пок;RUB прод
  Абсолютбанк г. Минск, пр. Независимости, 95  23:53;2.047;2.057;2.266;2.282;3.176;3.205
"  Абсолютбанк г. Минск, пр-т Независимости, 154 (ТЦ ""Корона"")  15:25";2.046;2.059;2.265;2.282;3.167;3.202
"  Абсолютбанк г. Минск, пр-т Независимости, 171 (БЦ ""Порт"")  23:53";2.047;2.057;2.266;2.282;3.176;3.205
"  Абсолютбанк г. Минск, Долгиновский тр-т, 188 (ТЦ ""Mile"")  15:25";2.046;2.059;2.265;2.282;3.167;3.202
  Абсолютбанк г.Минск, ул. Притыцкого, 77  23:53;2.047;2.057;2.266;2.282;3.176;3.205
  Абсолютбанк г. Минск, ул. Щорса,11  23:53;2.047;2.057;2.266;2.282;3.176;3.205
"  Абсолютбанк г. Минск, ул. Дунина-Марцинкевича, 11 (рынок ""Раковский кирмаш"")  15:25";2.046;2.059;2.265;2.282;3.167;3.202
"  Абсолютбанк г. Минск, пр-т Независимости, 177-6 (БЦ ""Порт"")  23:53";2.047;2.057;2.266;2.282;3.176;3.205
  Альфа-Банк г. Минск, пр. Независимости, 177  15:25;2.025;2.069;2.245;2.299;3.100;3.320
  Альфа-Банк г. Минск, ул. Филимонова, 22 - 130  15:25;2.025;2.069;2.245;2.299;3.100;3.320
  Альфа-Банк г. Минск, ул. Сурганова, 43  15:25;2.025;2.069;2.245;2.299;3.100;3.320
  Альфа-Банк г. Минск, пр-т Дзержинского, 1Е  15:25;2.025;2.069;2.245;2.299;3.100;3.320
  Альфа-Банк г. Минск, ул. Красноармейская, 36  15:25;2.025;2.069;2.245;2.299;3.100;3.320
  Альфа-Банк г. Минск, ул. Притыцкого, 97  15:25;2.025;2.069;2.245;2.299;3.100;3.320
  Альфа-Банк г.Минск, пр. Дзержинского,119  15:25;2.025;2.069;2.245;2.299;3.100;3.320
  Альфа-Банк г.Минск, пр. Независимости, 168/2  15:25;2.025;2.069;2.245;2.299;3.100;3.320
  Альфа-Банк г.Минск, Игуменский тракт, 20  15:25;2.025;2.069;2.245;2.299;3.100;3.320
  Альфа-Банк г.Минск, ул. Мясникова, 70  15:25;2.025;2.069;2.245;2.299;3.100;3.320
  Альфа-Банк г.Минск, ул. Притыцкого, 39  15:25;2.025;2.069;2.245;2.299;3.100;3.320
  Альфа-Банк г. Минск, пр-т Рокоссовского, 80  15:25;2.025;2.069;2.245;2.299;3.100;3.320
  Альфа-Банк г. Минск, пр. Независимости, 93  15:25;2.025;2.069;2.245;2.299;3.100;3.320
  Альфа-Банк г.Минск, ул. Красная, 7  15:25;2.025;2.069;2.245;2.299;3.100;3.320
  Альфа-Банк г. Минск, Логойский тракт, 10  15:25;2.025;2.069;2.245;2.299;3.100;3.320
  Банк БелВЭБ г. Минск, проспект Дзержинского, 91  23:57;2.030;2.079;2.220;2.290;3.130;3.240
  Банк БелВЭБ г. Минск, ул. Заславская, 10  23:57;2.030;2.079;2.220;2.290;3.130;3.240
  Банк БелВЭБ г. Минск, пер. Асаналиева, 2-3  23:57;2.030;2.079;2.220;2.290;3.130;3.240
  Банк БелВЭБ г. Минск, пр. Победителей, 100  23:58;2.030;2.079;2.220;2.290;3.130;3.240
  Банк БелВЭБ г. Минск, пр. Независимости, 54  23:57;2.030;2.079;2.220;2.290;3.130;3.240
  Банк БелВЭБ 223060 Минская обл., Минский р-н, д. Большой Тростенец, ул. Молодежная, 2А  23:57;2.030;2.079;2.220;2.290;3.130;3.240
  Банк БелВЭБ г. Минск, ул. Бабушкина, 39  23:58;2.030;2.079;2.220;2.290;3.130;3.240
  Банк БелВЭБ г. Минск, пр. Независимости, 95  23:57;2.030;2.079;2.220;2.290;3.130;3.240
"  Банк БелВЭБ г. Минск, просп. Партизанский, 150 А, ТЦ ""МОМО""  23:57";2.030;2.079;2.220;2.290;3.130;3.240
  Банк БелВЭБ г. Минск, ул. Московская, 13  23:57;2.030;2.079;2.220;2.290;3.130;3.240
  Банк БелВЭБ г. Минск, пр. Победителей, 29  23:57;2.030;2.079;2.220;2.290;3.130;3.240
  Банк БелВЭБ г, Минск, ул. Скрыганова, 6  23:57;2.030;2.079;2.220;2.290;3.130;3.240
  Банк БелВЭБ г. Минск, ул. П. Глебки д.5  23:57;2.030;2.079;2.220;2.290;3.130;3.240
  Банк БелВЭБ г. Минск, ул. Притыцкого,93  23:57;2.030;2.079;2.220;2.290;3.130;3.240
  Банк БелВЭБ г. Минск, ул. Якубова, 10  23:57;2.030;2.079;2.220;2.290;3.130;3.240
  Банк БелВЭБ г. Минск, ул. Мясникова, 32  23:57;2.030;2.079;2.220;2.290;3.130;3.240
  Банк БелВЭБ г. Минск, ул. Кульман, 3  23:57;2.030;2.079;2.220;2.290;3.130;3.240
  Банк БелВЭБ г. Минск, пр. Дзержинского, 91  23:57;2.030;2.079;2.220;2.290;3.130;3.240
  Банк ВТБ (Беларусь) г. Минск, ул. Московская, 14  15:25;2.030;2.065;2.240;2.290;3.120;3.220
  Банк ВТБ (Беларусь) г.Минск, ул. Притыцкого, 91 15:25;2.030;2.065;2.240;2.290;3.120;3.220
  Банк ВТБ (Беларусь) г.Минск, пр-т Независимости, 168-2  15:25;2.030;2.065;2.240;2.290;3.120;3.220
  Банк ВТБ (Беларусь) г. Минск, пр-т Дзержинского, 119  15:25;2.030;2.065;2.240;2.290;3.120;3.220
  Банк ВТБ (Беларусь) г.Минск, ул. Матусевича, 77-3  15:25;2.030;2.065;2.240;2.290;3.120;3.220
  Банк ВТБ (Беларусь) г. Минск, ул. Гикало, 3 15:25;2.030;2.065;2.240;2.290;3.120;3.220
  Банк ВТБ (Беларусь) г. Минск, ул. К. Цеткин, 51 15:25;2.030;2.065;2.240;2.290;3.120;3.220
  Банк ВТБ (Беларусь) г. Минск, пр-т Независимости, 29  15:25;2.030;2.065;2.240;2.290;3.120;3.220
  Банк ВТБ (Беларусь) Минская область, г.п. Колодищи, ул. Минская, 5 15:25;2.030;2.065;2.240;2.290;3.120;3.220
  Банк ВТБ (Беларусь) г. Минск, ул. Богдановича, 70 15:25;2.030;2.065;2.240;2.290;3.120;3.220
  Банк ВТБ (Беларусь) г. Минск, пр. Партизанский, 23 15:25;2.030;2.065;2.240;2.290;3.120;3.220
  Банк ВТБ (Беларусь) г. Минск, пр-т Независимости, 202  15:25;2.030;2.065;2.240;2.290;3.120;3.220
  Банк ВТБ (Беларусь) г. Минск, ул. Тимирязева 125/3  15:25;2.030;2.065;2.240;2.290;3.120;3.220
  Банк ВТБ (Беларусь) г. Минск, ул. Тимирязева, 129/2 (Продовольственный центр)  15:25;2.030;2.065;2.240;2.290;3.120;3.220
  Банк ВТБ (Беларусь) г. Минск, ул. Тимирязева, 123/2 (переход ТЦ Град)  15:25;2.030;2.065;2.240;2.290;3.120;3.220
"  Банк ВТБ (Беларусь) г. Минск, пересечение Логойского тракта и МКАД, (ТРЦ""Экспобел"")  15:25";2.030;2.065;2.240;2.290;3.120;3.220
  Банк ВТБ (Беларусь) г.Минск, Партизанский пр-т 150А  15:25;2.030;2.065;2.240;2.290;3.120;3.220
  Банк Дабрабыт ул. Коммунистическая, 49, пом.1 (рядом с гостиницей «Беларусь»)  15:25;2.035;2.060;2.250;2.285;3.155;3.220
"  Банк Дабрабыт ул. Владислава Голубка, 2 (ТЦ ""Бонус"")  15:25";2.030;2.065;2.245;2.288;3.005;3.205
  Банк Дабрабыт Ул. Сурганова, 50 (ТЦ «РИГА»)  15:25;2.030;2.065;2.245;2.288;3.005;3.205
  Банк Дабрабыт Минский район, деревня Боровая, д.2 (Автоцентр «АТЛАНТ-М Боровая» FORD)  15:25;2.030;2.065;2.245;2.288;3.005;3.205
  Банк Дабрабыт ул. В. Хоружей, 6 Б (Торговый центр «Зеркало», 1-ый этаж, отдельный вход со стороны ТЦ «Импульс», рядом станция метро «Пл.Я.Коласа»)  15:25;2.035;2.060;2.250;2.285;3.155;3.220
  Банк Дабрабыт ул. Есенина, 30 (на пересечении с ул. Космонавтов)  15:25;2.035;2.060;2.250;2.285;3.155;3.220
  Банк Дабрабыт ул. Лобанка, 22 (ст. метро Каменная Горка)  15:25;2.035;2.060;2.250;2.285;3.155;3.220
  Банк Дабрабыт пр. Независимости, 72 (ст. метро «Академия наук», рядом с магазином «Академкнига»)  15:25;2.035;2.060;2.250;2.285;3.155;3.220
  Банк Дабрабыт пр. Независимости, 185 15:25;2.035;2.060;2.250;2.285;3.155;3.220
  Банк Дабрабыт пр. Рокоссовского, 80 15:25;2.035;2.060;2.250;2.285;3.155;3.220
  Банк Дабрабыт ул. М.Танка, 10А (рядом со станцией метро «Фрунзенская»)  15:25;2.035;2.060;2.250;2.285;3.155;3.220
"  Банк Дабрабыт Минская область, Смолевичский район, Китайско-Белорусский индустриальный парк ""Великий камень"", пр. Пекинский, 18 (Здание администрации)  15:25";2.025;2.068;2.245;2.290;3.000;3.205
  Банк Дабрабыт ул. Лучины, 38 (микрорайон «Лошица»)  15:25;2.035;2.060;2.250;2.285;3.155;3.220
  Банк Дабрабыт ул. Долгобродская, 6/1 15:25;2.035;2.060;2.250;2.285;3.155;3.220
  Банк Дабрабыт пр. Партизанский, 46 15:25;2.035;2.060;2.250;2.285;3.155;3.220
  Банк Решение г. Минск, ул. Сторожовская,8  15:25;2.042;2.060;2.250;2.289;3.125;3.187
  Банк Решение г. Минск, ул. Игнатенко, 11  15:25;2.042;2.060;2.250;2.289;3.125;3.187
  Банк Решение г.Минск, ул. Игнатенко, 11  15:25;2.042;2.060;2.250;2.289;3.125;3.187
"  Белагропромбанк г. Минск, пр-т. Победителей, 84 ТРЦ ""Арена-Сити""  15:25";2.023;2.063;2.245;2.295;3.060;3.210
  Белагропромбанк пр-т. Победителей,91  15:25;2.038;2.055;2.258;2.282;3.160;3.205
  Белагропромбанк ул. Сторожевская, 6  15:25;2.023;2.063;2.245;2.295;3.060;3.210
  Белагропромбанк г. Минск, ул. Романовская Слобода, 8  15:25;2.038;2.058;2.258;2.283;3.160;3.210
"  Белагропромбанк Минский р-н, ЗАО ВЦ ""Аквабел"" (пересечение Логойского тракта и МКАД)  15:25";2.020;2.064;2.240;2.293;3.130;3.240
  Белагропромбанк г. Минск, ул. Ольшевского, 24  15:25;2.033;2.062;2.255;2.290;3.150;3.230
  Белагропромбанк г. Минск, проезд Ташкентский, 5а  15:25;2.033;2.062;2.255;2.290;3.150;3.230
  Белагропромбанк г. Минск, ул. Уборевича, 176  15:25;2.020;2.064;2.240;2.293;3.130;3.240
  Белагропромбанк г. Минск, ул. Наполеона Орды, 6  15:25;2.020;2.064;2.240;2.293;3.130;3.240
  Белагропромбанк г. Минск, ул. П.Глебки, 5  15:25;2.033;2.062;2.255;2.290;3.150;3.230
  Белагропромбанк г. Минск, ул. Ванеева, 38  15:25;2.020;2.064;2.240;2.293;3.130;3.240
  Белагропромбанк г. Минск, ул. Я.Мавра, 22  15:25;2.030;2.063;2.250;2.292;3.140;3.240
  Белагропромбанк г. Минск, ул. К.Маркса, 15  15:25;2.033;2.062;2.255;2.290;3.150;3.230
  Белагропромбанк г. Минск, пр. Победителей, 49  15:25;2.033;2.062;2.255;2.290;3.150;3.230
  Белагропромбанк г. Минск, ул. Комсомольская, 16  15:25;2.033;2.062;2.255;2.290;3.150;3.230
  Белагропромбанк г. Минск, ул. Р.Люксембург, 80  15:25;2.033;2.062;2.255;2.290;3.150;3.230
  Белагропромбанк г. Минск, ул. Шаранговича, 4  15:25;2.033;2.062;2.255;2.290;3.150;3.230
  Белагропромбанк ул. Каменногорская,118  15:25;2.033;2.062;2.255;2.290;3.150;3.230
  Белагропромбанк г. Минск, пр. Машерова, 19  15:25;2.033;2.062;2.255;2.290;3.150;3.230
"  Белагропромбанк Минский р-н, административное здание ВЦ ""Аквабел"" (пересечение Логойского тракта и МКАД)  15:25";2.033;2.062;2.255;2.290;3.150;3.230
"  Белагропромбанк Минский р-н, ТРЦ ""Экспобел"" (пересечение Логойского тракта и МКАД)  15:25";2.033;2.062;2.255;2.290;3.150;3.230
  Белагропромбанк г. Минск, Логойский тракт, 22а  15:25;2.030;2.063;2.250;2.292;3.140;3.240
  Белагропромбанк г. Минск, ул. Маяковского, 154  15:25;2.033;2.062;2.255;2.290;3.150;3.230
"  Белагропромбанк г. Минск, пер. 2-й Велосипедный, 30 (150 метров от гипермаркета ""ГИППО"" на проспекте Рокоссовского)  15:25";2.033;2.062;2.255;2.290;3.150;3.230
  Белагропромбанк г. Минск, пр-т Партизанский, 52  15:25;2.030;2.063;2.250;2.292;3.140;3.240
  Белагропромбанк г. Минск, Игуменский тракт, 16  15:25;2.033;2.062;2.255;2.290;3.150;3.230
  Белагропромбанк г. Минск, ул. Чернышевского, 10а  15:25;2.033;2.062;2.255;2.290;3.150;3.230
  Белагропромбанк г. Минск, б-р Шевченко, 11  15:25;2.030;2.063;2.250;2.292;3.140;3.240
  Белагропромбанк г. Минск, ул. Куйбышева, 75  15:25;2.033;2.062;2.255;2.290;3.150;3.230
  Белагропромбанк г. Минск, ул. М.Богдановича, 78  15:25;2.033;2.062;2.255;2.290;3.150;3.230
  Белагропромбанк г. Минск, ул. Казинца, 46а  15:25;2.033;2.062;2.255;2.290;3.150;3.230
  Белагропромбанк г. Минск, ул. Рафиева, 88а  15:25;2.030;2.063;2.250;2.292;3.140;3.240
  Белагропромбанк г. Минск, ул. Лобанка, 79  15:25;2.033;2.062;2.255;2.290;3.150;3.230
  Белагропромбанк г. Минск, ул. Одинцова, 20  15:25;2.030;2.063;2.250;2.292;3.140;3.240
  Белагропромбанк г. Минск, ул. Жиновича, 20  15:25;2.033;2.062;2.255;2.290;3.150;3.230
  Белагропромбанк ул.Железнодорожная, 44  15:25;2.033;2.062;2.255;2.290;3.150;3.230
  Белагропромбанк г. Минск, пр. Жукова, 3  15:25;2.035;2.056;2.262;2.283;3.165;3.200
  Беларусбанк г. Минск, пр. Дзержинского, 18  15:25;2.042;2.058;2.264;2.283;3.160;3.210
  Беларусбанк г. Минск, пр. Независимости, 11/1  14:53;2.030;2.057;2.230;2.282;3.015;3.195
  Беларусбанк г. Минск, ул. Кальварийская, 24  15:25;2.033;2.055;2.232;2.282;3.025;3.195
  Беларусбанк г. Минск, пр. Дзержинского, 91  15:25;2.030;2.057;2.230;2.282;3.015;3.195
  Беларусбанк г. Минск, ул. Рафиева, 64  15:25;2.030;2.057;2.230;2.282;3.015;3.195
  Беларусбанк г. Минск, пр. Независимости, 21  15:25;2.025;2.060;2.245;2.288;3.070;3.200
  Беларусбанк г. Минск, ул. Казимировская, 35  15:25;2.030;2.062;2.240;2.292;3.050;3.200
  Беларусбанк г. Минск, ул. Налибокская, 39  15:25;2.030;2.062;2.240;2.292;3.050;3.200
  Беларусбанк г. Минск, ул. В.хоружей, 8  15:25;2.030;2.060;2.248;2.290;3.080;3.200
  Беларусбанк г. Минск, ул. Лобанка, 94  15:25;2.030;2.060;2.248;2.290;3.080;3.200
  Беларусбанк г. Минск, ул. Червякова, 57  15:25;2.025;2.063;2.230;2.292;3.020;3.200
  Беларусбанк г. Минск, пр. Победителей, 59  15:25;2.025;2.063;2.230;2.292;3.020;3.200
  Беларусбанк г. Минск, ул. Водолажского, 6  15:25;2.025;2.063;2.230;2.292;3.020;3.200
  Беларусбанк г. Минск, пр. Победителей, 89  15:25;2.025;2.063;2.230;2.292;3.020;3.200
  Беларусбанк г. Минск, ул. Восточная, 48  15:13;2.025;2.063;2.230;2.292;3.020;3.200
  Беларусбанк г. Минск, ул. Долгиновский тракт, 178  15:25;2.025;2.063;2.230;2.292;3.020;3.200
  Беларусбанк г. Минск, Перес. логойский тракт - мкад  15:25;2.025;2.063;2.230;2.292;3.020;3.200
  Беларусбанк г. Минск, пр. Победителей, 59А  15:25;2.025;2.063;2.230;2.292;3.020;3.200
  Беларусбанк г. Минск, пр. Победителей, 103  15:25;2.025;2.063;2.230;2.292;3.020;3.200
  Беларусбанк г. Минск, пл. Привокзальная, 5  15:25;2.024;2.062;2.225;2.290;3.010;3.190
  Беларусбанк г. Минск, ул. Кирова, 2  15:25;2.024;2.062;2.225;2.290;3.010;3.190
  Беларусбанк г. Минск, пр. Независимости-ул.ленина  15:25;2.024;2.062;2.225;2.290;3.010;3.190
  Беларусбанк г. Минск, пр. Независимости, 3-2, пом.505  15:25;2.024;2.062;2.225;2.290;3.010;3.190
  Беларусбанк г. Минск, пл. Привокзальная, 5  15:13;2.024;2.062;2.225;2.290;3.010;3.190
  Беларусбанк г. Минск, ул. Корженевского, 26  15:25;2.030;2.065;2.230;2.290;3.040;3.210
  Беларусбанк г. Минск, пр. Независимости, 54  15:25;2.024;2.062;2.228;2.290;3.040;3.200
  Беларусбанк г. Минск, ул. Бобруйская, 6  15:25;2.024;2.062;2.228;2.290;3.040;3.200
  Беларусбанк г. Минск, Ул. Кольцова, 32  15:13;2.024;2.062;2.228;2.290;3.040;3.200
  Беларусбанк г. Минск, пр. Независимости, 154  15:25;2.040;2.062;2.260;2.285;3.040;3.200
  Беларусбанк г. Минск, 2-ой пер. Р.люксембург, 6  15:25;2.028;2.060;2.230;2.290;3.020;3.200
  Беларусбанк г. Минск, ул. Фабрициуса, 7/6  15:25;2.028;2.060;2.230;2.290;3.020;3.200
  Беларусбанк г. Минск, пр. Газеты «правда», 20  15:22;2.028;2.060;2.230;2.290;3.020;3.200
  Беларусбанк г. Минск, ул. Есенина, 16  15:25;2.028;2.060;2.230;2.290;3.020;3.200
  Беларусбанк г. Минск, пр. Любимова, 30/2  15:25;2.028;2.060;2.230;2.290;3.020;3.200
  Беларусбанк г. Минск, ул. Р.люксембург, 99  15:25;2.028;2.060;2.230;2.290;3.020;3.200
  Беларусбанк г. Минск, пр. Газеты «звязда», 55  15:17;2.028;2.060;2.230;2.290;3.020;3.200
  Беларусбанк г. Минск, ул. Слободская, 15  15:25;2.028;2.060;2.230;2.290;3.020;3.200
  Беларусбанк г. Минск, ул. Слободская, 135  15:25;2.028;2.060;2.230;2.290;3.020;3.200
  Беларусбанк г. Минск, ул. Р.слобода, 9  15:25;2.028;2.060;2.230;2.290;3.020;3.200
  Беларусбанк г. Минск, ул. Уманская, 54/1-29  15:25;2.028;2.060;2.230;2.290;3.020;3.200
  Беларусбанк г. Минск, пр. Любимова, 41  15:25;2.028;2.060;2.230;2.290;3.020;3.200
  Беларусбанк г. Минск, пр. Дзержинского, 131  15:25;2.028;2.060;2.230;2.290;3.020;3.200
  Беларусбанк г. Минск, ул. Я.брыля, 30  15:25;2.028;2.060;2.230;2.290;3.020;3.200
  Беларусбанк г. Минск, пр. Дзержинского, 119  15:13;2.028;2.060;2.230;2.290;3.020;3.200
  Беларусбанк г. Минск, ул. Ленина, 5  15:25;2.030;2.062;2.240;2.292;3.050;3.200
  Беларусбанк г. Минск, ул. В.хоружей, 46/1  15:22;2.030;2.062;2.240;2.292;3.050;3.200
  Беларусбанк г. Минск, бул. Шевченко, 12  15:22;2.030;2.062;2.240;2.292;3.050;3.200
  Беларусбанк г. Минск, ул. Ольшевского, 1/3  15:25;2.030;2.062;2.240;2.292;3.050;3.200
  Беларусбанк г. Минск, ул. Берута, 24/1  15:25;2.030;2.062;2.240;2.292;3.050;3.200
  Беларусбанк г. Минск, пр. Пушкина, 75  15:17;2.030;2.062;2.240;2.292;3.050;3.200
  Беларусбанк г. Минск, ул. М.богдановича, 6  15:25;2.030;2.062;2.240;2.292;3.050;3.200
  Беларусбанк г. Минск, ул. Жудро, 59  15:25;2.030;2.062;2.240;2.292;3.050;3.200
  Беларусбанк г. Минск, ул. П.глебки, 2  15:13;2.030;2.062;2.240;2.292;3.050;3.200
  Беларусбанк г. Минск, ул. Пономаренко, 41  15:25;2.030;2.062;2.240;2.292;3.050;3.200
  Беларусбанк г. Минск, ул. П.глебки, 118  15:25;2.030;2.062;2.240;2.292;3.050;3.200
  Беларусбанк г. Минск, ул. Бурдейного, 13  15:25;2.030;2.062;2.240;2.292;3.050;3.200
  Беларусбанк г. Минск, ул. Одинцова, 36/1  15:25;2.030;2.062;2.240;2.292;3.050;3.200
  Беларусбанк г. Минск, пр. Победителей, 75/1  15:25;2.030;2.062;2.240;2.292;3.050;3.200
  Беларусбанк г. Минск, ул. Притыцкого, 78  15:25;2.030;2.062;2.240;2.292;3.050;3.200
  Беларусбанк г. Минск, ул. Сухаревская, 8  15:25;2.030;2.062;2.240;2.292;3.050;3.200
  Беларусбанк г. Минск, ул. М.танка, 34/2  15:17;2.030;2.062;2.240;2.292;3.050;3.200
  Беларусбанк г. Минск, ул. К.маркса, 16  15:25;2.030;2.062;2.240;2.292;3.050;3.200
  Беларусбанк г. Минск, пр. Победителей, 7  15:25;2.030;2.062;2.240;2.292;3.050;3.200
  Беларусбанк г. Минск, ул. Будславская, 2  15:25;2.030;2.062;2.240;2.292;3.050;3.200
  Беларусбанк г. Минск, ул. Одинцова, 113  15:25;2.030;2.062;2.245;2.290;3.060;3.200
  Беларусбанк г. Минск, ул. Сухаревская, 62  15:13;2.030;2.062;2.240;2.292;3.050;3.200
  Беларусбанк г. Минск, ул. Лидская, 14  15:25;2.030;2.062;2.245;2.290;3.060;3.200
  Беларусбанк г. Минск, ул. Матусевича, 66  15:25;2.030;2.062;2.240;2.292;3.050;3.200
  Беларусбанк г. Минск, ул. Матусевича, 76  15:25;2.030;2.062;2.240;2.292;3.050;3.200
  Беларусбанк г. Минск, ул. Одинцова, 9  15:25;2.030;2.062;2.240;2.292;3.050;3.200
  Беларусбанк г. Минск, ул. Кунцевщина, 13  15:25;2.030;2.062;2.240;2.292;3.050;3.200
  Беларусбанк г. Минск, ул. Неманская, 35  15:25;2.030;2.062;2.240;2.292;3.050;3.200
  Беларусбанк г. Минск, ул. Жилуновича, 26  15:25;2.024;2.062;2.230;2.290;3.020;3.200
  Беларусбанк г. Минск, ул. Уральская, 16  15:25;2.024;2.062;2.230;2.290;3.020;3.200
  Беларусбанк г. Минск, ул. Алтайская, 64/1  15:25;2.024;2.062;2.230;2.290;3.020;3.200
  Беларусбанк г. Минск, ул. Солтыса, 54  15:25;2.024;2.062;2.230;2.290;3.020;3.200
  Беларусбанк г. Минск, ул. Ванеева, 18  15:25;2.024;2.062;2.230;2.290;3.020;3.200
  Беларусбанк г. Минск, ул. Уборевича, 72  15:25;2.024;2.062;2.230;2.290;3.020;3.200
  Беларусбанк г. Минск, пр. Партизанский, 110  15:25;2.024;2.062;2.230;2.290;3.020;3.200
  Беларусбанк г. Минск, ул. Голодеда, 61  15:22;2.024;2.062;2.230;2.290;3.020;3.200
  Беларусбанк г. Минск, ул. Уборевича, 26  15:25;2.024;2.062;2.230;2.290;3.020;3.200
  Беларусбанк г. Минск, ул. Голодеда, 31  15:25;2.024;2.062;2.230;2.290;3.020;3.200
  Беларусбанк г. Минск, пр. Партизанский, 147  15:25;2.024;2.062;2.230;2.290;3.020;3.200
  Беларусбанк г. Минск, пр. Рокоссовского, 114  15:25;2.024;2.062;2.230;2.290;3.020;3.200
  Беларусбанк г. Минск, ул. Жилуновича, 12  15:25;2.024;2.062;2.230;2.290;3.020;3.200
  Беларусбанк г. Минск, пр. Партизанский, 23а  15:25;2.024;2.062;2.230;2.290;3.020;3.200
  Беларусбанк г. Минск, 2-ой пер. Багратиона, 20  15:25;2.024;2.062;2.230;2.290;3.020;3.200
  Беларусбанк г. Минск, ул. Долгобродская, 4  15:25;2.024;2.062;2.230;2.290;3.020;3.200
  Беларусбанк г. Минск, ул. Шишкина, 26  15:25;2.024;2.062;2.230;2.290;3.020;3.200
  Беларусбанк г. Минск, ул. Красина, 25  15:17;2.024;2.062;2.230;2.290;3.020;3.200
  Беларусбанк г. Минск, ул. Плеханова, 42  15:25;2.024;2.062;2.230;2.290;3.020;3.200
  Беларусбанк г. Минск, ул. Плеханова, 72  15:13;2.024;2.062;2.230;2.290;3.020;3.200
  Беларусбанк г. Минск, ул. Нестерова, 51  15:25;2.024;2.062;2.230;2.290;3.020;3.200
  Беларусбанк г. Минск, ул. Охотская, 135/3  15:25;2.024;2.062;2.230;2.290;3.020;3.200
  Беларусбанк г. Минск, ул. О.кошевого, 18  15:25;2.024;2.062;2.230;2.290;3.020;3.200
  Беларусбанк г. Минск, ул. Слесарная, 4  15:25;2.024;2.062;2.230;2.290;3.020;3.200
  Беларусбанк г. Минск, пр. Рокоссовского, 1  15:25;2.024;2.062;2.230;2.290;3.020;3.200
  Беларусбанк г. Минск, пр. Партизанский, 26  15:25;2.024;2.062;2.230;2.290;3.020;3.200
  Беларусбанк г. Минск, пр. Рокоссовского, 33  15:25;2.024;2.062;2.230;2.290;3.020;3.200
  Беларусбанк г. Минск, ул. Игуменский тракт, 42  15:25;2.024;2.062;2.230;2.290;3.020;3.200
  Беларусбанк г. Минск, ул. Игуменский тракт, 20  15:25;2.024;2.062;2.230;2.290;3.020;3.200
  Беларусбанк г. Минск, ул. Шпилевского, 54  15:25;2.024;2.062;2.230;2.290;3.020;3.200
  Беларусбанк г. Минск, ул. Бачило, 32  15:25;2.024;2.062;2.230;2.290;3.020;3.200
  Беларусбанк г. Минск, ул. Селицкого, 71  15:25;2.024;2.062;2.230;2.290;3.020;3.200
  Беларусбанк г. Минск, ул. Ангарская, 40  15:13;2.024;2.062;2.230;2.290;3.020;3.200
  Беларусбанк г. Минск, ул. Фабричная, 23  15:22;2.024;2.062;2.230;2.290;3.020;3.200
  Беларусбанк г. Минск, пр. Независимости, 43  15:25;2.025;2.063;2.230;2.292;3.020;3.200
  Беларусбанк г. Минск, ул. Л.беды, 19  15:25;2.025;2.063;2.230;2.292;3.020;3.200
  Беларусбанк г. Минск, ул. Логойский тракт, 1/1  15:22;2.025;2.063;2.230;2.292;3.020;3.200
  Беларусбанк г. Минск, ул. Логойский тракт, 27  15:13;2.025;2.063;2.230;2.292;3.020;3.200
  Беларусбанк г. Минск, ул. Я.коласа, 47, корп.1  15:13;2.025;2.063;2.230;2.292;3.020;3.200
  Беларусбанк г. Минск, ул. М.богдановича, 78  15:25;2.025;2.063;2.230;2.292;3.020;3.200
  Беларусбанк г. Минск, пр. Машерова, 16  15:25;2.025;2.063;2.230;2.292;3.020;3.200
  Беларусбанк г. Минск, ул. В.хоружей, 24/1  15:25;2.025;2.063;2.230;2.292;3.020;3.200
  Беларусбанк г. Минск, ул. Мирошниченко, 1, корп.1  15:25;2.025;2.063;2.230;2.292;3.020;3.200
  Беларусбанк г. Минск, пр. Машерова, 42  15:25;2.025;2.063;2.230;2.292;3.020;3.200
  Беларусбанк г. Минск, ул. Гамарника, 16, корп.1  15:25;2.025;2.063;2.230;2.292;3.020;3.200
  Беларусбанк г. Минск, пр. Независимости, 44  15:13;2.025;2.063;2.230;2.292;3.020;3.200
  Беларусбанк г. Минск, ул. Куйбышева, 75  15:13;2.025;2.063;2.230;2.292;3.020;3.200
  Беларусбанк г. Минск, Территория национального аэропорта «минск»  15:25;2.025;2.063;2.230;2.292;3.020;3.200
  Беларусбанк г. Минск, ул. Ивановская, 39  15:25;2.025;2.063;2.230;2.292;3.020;3.200
  Беларусбанк г. Минск, пр. Независимости, 169  15:25;2.025;2.063;2.230;2.292;3.020;3.200
  Беларусбанк г. Минск, пр. Независимости, 117  15:25;2.025;2.063;2.230;2.292;3.020;3.200
  Беларусбанк г. Минск, ул. Сурганова, 66  15:25;2.025;2.063;2.230;2.292;3.020;3.200
  Беларусбанк г. Минск, ул. Маяковского, 8  15:25;2.025;2.063;2.226;2.291;3.020;3.200
  Беларусбанк г. Минск, ул. Жуковского, 6 корп.2, пом.7Н  15:25;2.025;2.063;2.226;2.291;3.020;3.200
  Беларусбанк г. Минск, ул. Кижеватова, 80, корп. 1, пом. 2Н  15:25;2.025;2.063;2.226;2.291;3.020;3.200
  Беларусбанк г. Минск, ул. Корженевского, 10/1  15:17;2.025;2.063;2.226;2.291;3.020;3.200
  Беларусбанк г. Минск, ул. Асаналиева, 40Б  15:17;2.025;2.063;2.226;2.291;3.020;3.200
  Беларусбанк г. Минск, ул. Чкалова, 1 пом.7Н  15:13;2.025;2.063;2.226;2.291;3.020;3.200
  Беларусбанк г. Минск, ул. К.маркса, 8  15:25;2.030;2.060;2.230;2.288;3.050;3.190
  Беларусбанк г. Минск, ул. Кирова, 2-145  15:25;2.024;2.062;2.225;2.290;3.010;3.190
  Беларусбанк г. Минск, ул. Брестская, 77а  15:25;2.025;2.063;2.226;2.291;3.020;3.200
  Беларусбанк г. Минск, пл. Привокзальная, 5  15:22;2.024;2.062;2.225;2.290;3.010;3.190
  Беларусбанк г. Минск, пр. Независимости, 3-1, пом. 36-44  15:25;2.024;2.062;2.225;2.290;3.010;3.190
  Беларусбанк г. Минск, пр. Независимости, 3-2,пом.501  15:25;2.024;2.062;2.225;2.290;3.010;3.190
  Беларусбанк г. Минск, ул. Физкультурная, 31  15:25;2.025;2.063;2.226;2.291;3.020;3.200
  Беларусбанк г. Минск, ул. Полевая, 12  15:25;2.025;2.063;2.226;2.291;3.020;3.200
  Беларусбанк г. Минск, ул. Авроровская, 8  15:25;2.025;2.063;2.226;2.291;3.020;3.200
  Беларусбанк г. Минск, ул. Льва толстого, 4 пом.7Н  15:25;2.025;2.063;2.226;2.291;3.020;3.200
  Беларусбанк г. Минск, пр. Независимости, 91  15:25;2.024;2.062;2.228;2.290;3.040;3.200
  Беларусбанк г. Минск, пр. Независимости, 103  15:25;2.024;2.062;2.228;2.290;3.040;3.200
  Беларусбанк г. Минск, ул. Водолажского, 4  15:25;2.024;2.062;2.228;2.290;3.040;3.200
  Беларусбанк г. Минск, ул. Фогеля, 1В  15:25;2.024;2.062;2.228;2.290;3.040;3.200
  Беларусбанк г. Минск, ул. Калиновского, 55  15:22;2.024;2.062;2.228;2.290;3.040;3.200
  Беларусбанк г. Минск, ул. Толбухина, 8  15:25;2.024;2.062;2.228;2.290;3.040;3.200
  Беларусбанк г. Минск, ул. Славинского, 41  15:25;2.024;2.062;2.228;2.290;3.040;3.200
  Беларусбанк г. Минск, ул. Карбышева, 1/4  15:25;2.024;2.062;2.228;2.290;3.040;3.200
  Беларусбанк г. Минск, пр. Независимости, 155/1  15:25;2.024;2.062;2.228;2.290;3.040;3.200
  Беларусбанк г. Минск, ул. Руссиянова, 36  15:25;2.024;2.062;2.228;2.290;3.040;3.200
  Беларусбанк г. Минск, ул. Руссиянова, 9  15:13;2.024;2.062;2.228;2.290;3.040;3.200
  Беларусбанк г. Минск, ул. Высокая, 11д  15:25;2.024;2.062;2.228;2.290;3.040;3.200
  Беларусбанк г. Минск, ул. Гинтовта, 14  15:25;2.024;2.062;2.228;2.290;3.040;3.200
  Беларусбанк г. Минск, пр. Независимости, 66  15:25;2.024;2.062;2.228;2.290;3.040;3.200
  Беларусбанк г. Минск, пр. Независимости, 55  15:25;2.024;2.062;2.228;2.290;3.040;3.200
  Беларусбанк г. Минск, ул. Карбышева, 13/2  15:25;2.024;2.062;2.228;2.290;3.040;3.200
  Беларусбанк г. Минск, ул. Острошицкая, 7  15:25;2.024;2.062;2.228;2.290;3.040;3.200
  Беларусбанк г. Минск, ул. Я.коласа, 12  15:25;2.024;2.062;2.228;2.290;3.040;3.200
  Беларусбанк г. Минск, ул. Мясникова, 32  15:25;2.042;2.058;2.264;2.283;3.160;3.210
  Беларусбанк г. Минск, пр. Дзержинского, 69/1  15:25;2.028;2.060;2.230;2.290;3.020;3.200
  Беларусбанк г. Минск, ул. Куйбышева, 18  15:25;2.030;2.062;2.245;2.290;3.060;3.200
  Беларусбанк г. Минск, ул. Долгобродская, 1  15:25;2.030;2.062;2.235;2.290;3.030;3.200
  Беларусбанк г. Минск, ул. Сурганова, 47а  15:25;2.025;2.063;2.230;2.292;3.020;3.200
  Беларусбанк г. Минск, ул. Воронянского, 7а  15:25;2.030;2.060;2.230;2.288;3.050;3.190
  Беларусбанк г. Минск, пр. Независимости, 56  15:13;2.024;2.062;2.228;2.290;3.040;3.200
  Белгазпромбанк г. Минск, ул. Притыцкого 60/2  15:25;2.036;2.063;2.257;2.283;3.142;3.192
  Белгазпромбанк г.Минск, ул. Могилевская, 41  15:25;2.036;2.063;2.257;2.283;3.142;3.192
  Белгазпромбанк г. Минск, Долгиновский тракт, 186 (Дилерский центр «Ниссан»)  15:26;2.036;2.063;2.257;2.283;3.142;3.192
  Белгазпромбанк Минский район, Р-1, 9-й километр, 2-А (пересечение МКАД и трассы «Минск-Брест»)  15:25;2.036;2.063;2.257;2.283;3.142;3.192
  Белгазпромбанк г. Минск, ул. Тимирязева, 70 (Автосалон «Энергия ГмбХ»)  15:25;2.036;2.063;2.257;2.283;3.142;3.192
  Белгазпромбанк г. Минск, ул. Куприянова, 2 «А» (Автосалон «Шкода»)  15:25;2.036;2.063;2.257;2.283;3.142;3.192
  Белгазпромбанк г. Минск, пр-т газеты «Звязда», 16  15:25;2.036;2.063;2.257;2.283;3.142;3.192
  Белгазпромбанк Ждановичи, ул. Звездная, 15  15:25;2.036;2.063;2.257;2.283;3.142;3.192
  Белгазпромбанк г. Минск, пр-т Партизанский, 150А (ст. м. «Могилёвская»)  15:25;2.036;2.063;2.257;2.283;3.142;3.192
  Белгазпромбанк г. Минск, пр.Независимости, 117А (ТРЦ «Александров Пассаж»)  15:25;2.036;2.063;2.257;2.283;3.142;3.192
  Белгазпромбанк г.Минск, ул. Маяковского,15  15:25;2.036;2.063;2.257;2.283;3.142;3.192
  Белгазпромбанк г.Минск, пр-т Независимости, 44  15:25;2.036;2.063;2.257;2.283;3.142;3.192
  Белгазпромбанк г.Минск, ул. Романовская Слобода, 5  15:25;2.036;2.063;2.257;2.283;3.142;3.192
  Белгазпромбанк г.Минск, ул. Богдановича, 116  15:25;2.036;2.063;2.257;2.283;3.142;3.192
  Белгазпромбанк г.Минск, пр. газеты Звязда, 16  15:25;2.036;2.063;2.257;2.283;3.142;3.192
  Белинвестбанк г. Минск, пр. Машерова, 29  15:25;2.030;2.054;2.253;2.282;3.130;3.195
  Белинвестбанк г. Минск, ул. Коллекторная, 11-2  15:25;2.030;2.054;2.253;2.282;3.130;3.195
  Белинвестбанк г. Минск, ул.В.Хоружей, 6 (Дом мебели)  15:25;2.030;2.054;2.253;2.282;3.130;3.195
"  Белинвестбанк г. Минск, ул. Казинца, 6а (магазин ""Мебель,стройматериалы"")  15:25";2.030;2.054;2.253;2.282;3.130;3.195
"  Белинвестбанк г. Минск, ул. Казинца, 52а (м-н ""Евроопт"")  15:25";2.030;2.054;2.253;2.282;3.130;3.195
"  Белинвестбанк г. Минск, пр. Независимости,21 (ОАО ""Гум"")  15:25";2.030;2.054;2.253;2.282;3.130;3.195
  Белинвестбанк г. Минск, ул. Я. Купалы 25 (Казино)  15:25;2.030;2.054;2.253;2.282;3.130;3.195
  Белинвестбанк г. Минск, ул. Кирова, 13/23 (казино)  15:25;2.030;2.054;2.253;2.282;3.130;3.195
"  Белинвестбанк г. Минск, пр-т Рокоссовского, 114 (м-н ""Рублевский"")  15:25";2.030;2.054;2.253;2.282;3.130;3.195
  Белинвестбанк г. Минск, пр. Независимости, 54 (ЦУМ)  15:25;2.030;2.054;2.253;2.282;3.130;3.195
"  Белинвестбанк г. Минск, ул. Плеханова, 91 (магазин ""Рублевский"")  15:25";2.030;2.054;2.253;2.282;3.130;3.195
"  Белинвестбанк г. Минск, ул. Кижеватова, 72/1 (магазин ""Рублевский"" )  15:25";2.030;2.054;2.253;2.282;3.130;3.195
"  Белинвестбанк г. Минск, ул. Селицкого, 35-1 (КУП ""Экорес"")  15:25";2.030;2.054;2.253;2.282;3.130;3.195
"  Белинвестбанк г. Минск, ул. Буденного, 16а (универсам ""Тракторозаводской"")  15:25";2.030;2.054;2.253;2.282;3.130;3.195
"  Белинвестбанк г. Минск, ул. Нестерова, 58 (у-м ""Заводской"")  15:25";2.030;2.054;2.253;2.282;3.130;3.195
  Белинвестбанк г. Минск, ул. Одинцова,69  15:25;2.030;2.054;2.253;2.282;3.130;3.195
"  Белинвестбанк г. Минск, ул. Семашко, 8 (УЗ ""9-я городская клиническая больница"")  15:25";2.030;2.054;2.253;2.282;3.130;3.195
"  Белинвестбанк г. Минск, ул. Ложинская, 22-1 (ТЦ ""Дмитриев Кирмаш"")  15:25";2.030;2.054;2.253;2.282;3.130;3.195
  Белинвестбанк г.Минск, ул.Советская,18  15:25;2.030;2.054;2.253;2.282;3.130;3.195
  Белинвестбанк г. Минск, ул. Притыцкого, 156/1-1  15:25;2.030;2.054;2.253;2.282;3.130;3.195
  Белинвестбанк г.Минск, ул. Я.Чечота,11  15:25;2.030;2.054;2.253;2.282;3.130;3.195
  Белинвестбанк г. Минск, ул. Матусевича, 72  15:25;2.030;2.054;2.253;2.282;3.130;3.195
"  Белинвестбанк г. Минск, ул. Жилуновича, 4 (ТЦ ""Беларусь"" 2 этаж)  15:25";2.030;2.054;2.253;2.282;3.130;3.195
"  Белинвестбанк г. Минск, ул. Жилуновича, 4 (универмаг ""Беларусь"" 3 этаж)  15:25";2.030;2.054;2.253;2.282;3.130;3.195
  Белинвестбанк г. Минск, ул. Притыцкого, 93  15:25;2.030;2.054;2.253;2.282;3.130;3.195
  Белинвестбанк г. Минск, пл. Свободы, 17-2  15:25;2.030;2.054;2.253;2.282;3.130;3.195
"  Белинвестбанк г. Минск, ул. Жилуновича, 4 (универмаг ""Беларусь"" 2 этаж)  15:25";2.030;2.054;2.253;2.282;3.130;3.195
  Белинвестбанк Минский район, Новодворский с/с, 55/1  15:25;2.030;2.054;2.253;2.282;3.130;3.195
"  Белинвестбанк г. Минск, ул. Бурдейного, 11 (магазин ""Евроопт"")  15:25";2.030;2.054;2.253;2.282;3.130;3.195
"  Белинвестбанк г. Минск, ул. Асаналиева, 40 (универсам ""Живинка"")  15:25";2.030;2.054;2.253;2.282;3.130;3.195
"  Белинвестбанк г. Минск, пр-т Независимости, 117/1 ( магазин ""Европейский"")  15:25";2.030;2.054;2.253;2.282;3.130;3.195
"  Белинвестбанк г. Минск, ул. Сторожевская,15 (гостиница ""Беларусь"")  15:25";2.030;2.054;2.253;2.282;3.130;3.195
  Белинвестбанк г. Минск, ул. Папанина, 7 (МОАГРЗК)  15:25;2.030;2.054;2.253;2.282;3.130;3.195
"  Белинвестбанк г. Минск, пр-т Дзержинского, 100 (ТЦ ""Кирмаш"")  15:25";2.030;2.054;2.253;2.282;3.130;3.195
"  Белинвестбанк г. Минск, ул. К.Либкнехта, 108 (м-н ""Суперпрод"")  15:25";2.030;2.054;2.253;2.282;3.130;3.195
  Белинвестбанк г. Минск, пр. Независимости, 164  15:25;2.030;2.054;2.253;2.282;3.130;3.195
  Белинвестбанк г. Минск, ул. Гинтовта, 30  15:25;2.030;2.054;2.253;2.282;3.130;3.195
"  Белинвестбанк г. Минск, ул. Слободская, 47 (универсам ""Рублёвский"")  15:25";2.030;2.054;2.253;2.282;3.130;3.195
  Белинвестбанк г. Минск, ул. Бобруйская, 9  15:25;2.030;2.054;2.253;2.282;3.130;3.195
  Белинвестбанк г. Минск, пр. Дзержинского, 3, (ГАИ)  15:25;2.030;2.054;2.253;2.282;3.130;3.195
  Белинвестбанк г. Минск, ул. Мельникайте, 2  15:25;2.030;2.054;2.253;2.282;3.130;3.195
  Белинвестбанк г. Минск, ул. Октябрьская, 10  15:25;2.030;2.054;2.253;2.282;3.130;3.195
  Белинвестбанк г. Минск, ул. Филатова 12  15:25;2.030;2.054;2.253;2.282;3.130;3.195
  Белинвестбанк г. Минск, ул. Карла Маркса, 33-4Н, 8Н (вход со стороны ул.Ленина)  15:25;2.030;2.054;2.253;2.282;3.130;3.195
  Белинвестбанк г. Минск, пр. Партизанский, 6а  15:25;2.030;2.054;2.253;2.282;3.130;3.195
  Белинвестбанк г. Минск, пр. Пушкина,81  15:25;2.030;2.054;2.253;2.282;3.130;3.195
  Белинвестбанк г. Минск, ул. Могилевская, 5-14  15:25;2.030;2.054;2.253;2.282;3.130;3.195
  Белинвестбанк г. Минск, ул. Коржа, 11а  15:25;2.030;2.054;2.253;2.282;3.130;3.195
  БНБ-Банк Минск, ул. Немига, 5  15:25;2.041;2.064;2.261;2.289;3.161;3.209
  БНБ-Банк Минск, пр-т Победителей, 65 ТЦ «Замок»  15:25;2.041;2.055;2.262;2.279;3.171;3.199
  БНБ-Банк Брест, ул. Маяковского, 17, корп.2  15:25;2.041;2.055;2.262;2.279;3.171;3.199
  БНБ-Банк Минск, пр-т Дзержинского, 104 ТЦ «Титан»  15:25;2.036;2.060;2.261;2.285;3.166;3.204
  БНБ-Банк Минск, ул. В. Хоружей, 25, корп. 3  15:25;2.041;2.055;2.262;2.279;3.171;3.199
  БНБ-Банк Минск, пр-т Независимости, 87а(площадь Калинина)  15:25;2.041;2.055;2.262;2.279;3.171;3.199
  БНБ-Банк Минск, ул. М.Танка, 1а  15:25;2.041;2.055;2.262;2.279;3.171;3.199
  БНБ-Банк Минск, пр-т Независимости, 37 (площадь Победы)  15:25;2.041;2.055;2.262;2.279;3.171;3.199
  БНБ-Банк Минск, пр-т Независимости, 168, корп.3  15:25;2.041;2.055;2.262;2.279;3.171;3.199
  БНБ-Банк Минск, ул. Притыцкого, 29  15:25;2.041;2.064;2.261;2.289;3.161;3.209
  БНБ-Банк Минск, ул. Корженевского, 26  15:25;2.040;2.110;2.230;2.300;3.050;3.300
"  БНБ-Банк Минск, 31 км МКАД (Минский р-н, Щомыслинский с.с.п / у Западный, ТЭЦ-4); ул. Монтажников, 2  15:25";2.041;2.060;2.261;2.287;3.166;3.199
  БНБ-Банк Минск, ул. Сурганова, 57Б  15:25;2.040;2.110;2.230;2.300;3.050;3.300
  БНБ-Банк Минск, пр-т Победителей, 9 (1-й этаж)  15:25;2.041;2.055;2.262;2.279;3.171;3.199
  БНБ-Банк Минск, ул. Налибокская, 36  15:25;2.040;2.110;2.230;2.300;3.050;3.300
  БНБ-Банк Минск, пр-т Победителей, 65 (ТЦ «Замок»)  15:25;2.041;2.055;2.262;2.279;3.171;3.199
  БНБ-Банк Минск, пр-т Дзержинского, 104 (ТЦ «Титан»)  15:25;2.036;2.060;2.261;2.285;3.166;3.204
  БНБ-Банк Минск ул. В. Хоружей 25/3, (Бизнес-центр «Терминал»)  15:25;2.041;2.055;2.262;2.279;3.171;3.199
  БНБ-Банк Минск, пр-т Независимости, 87а (площадь Калинина)  15:25;2.041;2.055;2.262;2.279;3.171;3.199
  БНБ-Банк Минск, пр-т Независимости, 37  15:25;2.041;2.055;2.262;2.279;3.171;3.199
  БНБ-Банк Минск, пр-т Независимости, 168/3  15:25;2.041;2.055;2.262;2.279;3.171;3.199
  БПС-Сбербанк г. Минск, пл. Привокзальная,3  15:25;2.003;2.087;2.228;2.312;3.095;3.265
  БПС-Сбербанк г. Минск, Орловская ул., 88  15:25;2.003;2.087;2.228;2.312;3.095;3.265
  БПС-Сбербанк г. Минск, пр. Машерова, 80  15:25;2.003;2.087;2.228;2.312;3.095;3.265
  БПС-Сбербанк г. Минск, пр-т Независимости, 39  15:25;2.003;2.087;2.228;2.312;3.095;3.265
  БПС-Сбербанк г. Минск, ул. Чкалова, 18/1  15:25;2.003;2.087;2.228;2.312;3.095;3.265
  БПС-Сбербанк г. Минск, Маяковского ул., 154  15:25;2.003;2.087;2.228;2.312;3.095;3.265
  БПС-Сбербанк г. Минск, ул. Сурганова,39  15:25;2.003;2.087;2.228;2.312;3.095;3.265
  БПС-Сбербанк г. Минск, Логойский тракт, 37  15:25;2.003;2.087;2.228;2.312;3.095;3.265
  БПС-Сбербанк г. Минск, ул. Уральская,1а  15:25;2.003;2.087;2.228;2.312;3.095;3.265
  БПС-Сбербанк г. Минск, ул.Кальварийская, 4а  15:25;2.003;2.087;2.228;2.312;3.095;3.265
  БПС-Сбербанк г. Минск, ул.Е.Полоцкой, 1  15:25;2.003;2.087;2.228;2.312;3.095;3.265
  БПС-Сбербанк г. Минск, ул. Свердлова, 24  15:25;2.003;2.087;2.228;2.312;3.095;3.265
  БПС-Сбербанк г. Минск, пр. Дзержинского, 119  15:25;2.003;2.087;2.228;2.312;3.095;3.265
  БПС-Сбербанк г. Минск, бульвар имени Мулявина,6  15:25;2.003;2.087;2.228;2.312;3.095;3.265
  БСБ Банк г. Минск, пр-т Победителей, 23, корп.4  15:26;2.045;2.058;2.258;2.286;3.160;3.226
  БСБ Банк г. Минск, поселок Лесной, 19а  15:26;2.030;2.065;2.244;2.296;3.136;3.240
"  БСБ Банк г. Минск, ул. П. Глебки, 5 (ТЦ ""Скала"")  15:25";2.032;2.076;2.230;2.288;3.135;3.225
  БСБ Банк г. Минск, пр-т Независимости, 154  15:26;2.040;2.060;2.260;2.284;3.150;3.204
  БСБ Банк г. Минск, пр-т Победителей, 65  15:26;2.040;2.055;2.258;2.285;3.150;3.210
  БСБ Банк г. Минск, ул. Каменогорская, д.3  15:26;2.030;2.065;2.244;2.296;3.136;3.240
  БСБ Банк г. Минск, ул. Шаранговича, 25  15:25;2.030;2.065;2.244;2.296;3.136;3.240
  БСБ Банк г. Минск, ул. Руссиянова, 7  15:26;2.030;2.065;2.244;2.296;3.136;3.240
"  БСБ Банк г. Минск, ул. В. Хоружей, 2 (ТЦ ""Импульс"")  15:26";2.040;2.066;2.251;2.301;3.130;3.230
  БСБ Банк г. Минск, ул. Космонавтов, 29  15:26;2.030;2.065;2.247;2.294;3.144;3.230
  БСБ Банк г. Минск, пл. Свободы, 23  15:26;2.042;2.056;2.260;2.285;3.150;3.200
  БСБ Банк г. Минск, Логойский тракт, 15, корп.4  15:26;2.042;2.058;2.258;2.286;3.160;3.225
  БСБ Банк г. Минск, пр-т. Дзержинского 80  15:26;2.042;2.055;2.260;2.282;3.152;3.198
  БСБ Банк г. Минск, ул. Шафарнянская 11  15:26;2.044;2.055;2.265;2.284;3.174;3.216
  БСБ Банк г. Минск, ул. Тимирязева 67  15:26;2.045;2.059;2.267;2.292;3.160;3.195
"  БСБ Банк г. Минск, пр-т газеты ""Звезда"", 47  15:26";2.042;2.056;2.262;2.284;3.150;3.205
  БСБ Банк г. Минск, Матусевича ул., 72  15:26;2.042;2.056;2.262;2.282;3.160;3.215
  БСБ Банк г. Минск, ул. Я.Купалы, 25  15:26;2.043;2.056;2.262;2.285;3.160;3.200
  БСБ Банк г. Минск, пр. Независимости, 155/1  15:26;2.035;2.065;2.250;2.295;3.110;3.240
  БСБ Банк г. Минск, Победителей пр. , 23/4 (на улице)  15:25;2.045;2.058;2.258;2.286;3.160;3.226
  БСБ Банк г. Минск, ул. Могилевская, 12  15:26;2.035;2.065;2.250;2.295;3.110;3.240
  БСБ Банк г. Минск, Филимонова ул., 13 к. 1  15:25;2.035;2.065;2.250;2.295;3.110;3.240
  БСБ Банк г. Минск, ул. Матусевича, 35 «На недельку»  15:26;2.035;2.065;2.250;2.295;3.110;3.240
  БСБ Банк г. Минск, ул. Мележа, 5 (КолбаСыр)  15:26;2.040;2.066;2.251;2.301;3.130;3.230
  БТА Банк г. Минск, ул. В. Хоружей, 20-2  08:53;2.043;2.056;2.270;2.285;3.165;3.200
  БТА Банк г.Минск ул. Острошицкая, 2  08:53;2.040;2.051;2.268;2.283;3.150;3.195
  БТА Банк г.Минск, ул. В. Хоружей, 20-2  08:53;2.043;2.056;2.270;2.285;3.165;3.200
  Идея Банк г. Минск, ул. Змитрока Бядули, д. 11  15:25;2.044;2.054;2.265;2.278;3.180;3.300
  Идея Банк г. Минск, ул. Кальварийская, 24, в ТЦ «Корона»  15:25;2.037;2.057;2.260;2.285;3.150;3.300
  Идея Банк г. Минск, пер. Логойского тр-та и МКАД, в ТРЦ «Expobel»  15:25;2.036;2.058;2.265;2.285;3.165;3.300
"  Идея Банк г. Минск, пр-т Победителей, 65, в ТЦ ""Замок""  15:26";2.042;2.054;2.262;2.285;3.155;3.300
  Идея Банк г. Минск, ул. Притыцкого, 101, в ТЦ «Материк»  15:25;2.037;2.057;2.260;2.285;3.150;3.300
  Идея Банк г. Минск, ул. В.Хоружей, 8, на Минском Комаровском рынке  15:25;2.036;2.058;2.265;2.285;3.165;3.300
  Идея Банк г. Минск, ул. Уманская, 54  15:26;2.036;2.058;2.265;2.285;3.165;3.300
  Идея Банк г. Минск, пр-т Рокоссовского, 80  15:25;2.044;2.060;2.265;2.282;3.165;3.300
  Идея Банк г. Минск, ул. В.Хоружей, 18 А  15:25;2.044;2.060;2.265;2.282;3.165;3.300
  Идея Банк г. Минск, ул. Кирова, 1  15:25;2.044;2.060;2.265;2.282;3.165;3.300
  Идея Банк г. Минск, пр-т Независимости, 168, корп.1  15:25;2.044;2.060;2.265;2.282;3.165;3.300
  Идея Банк г. Минск, ул. Притыцкого, 97  15:25;2.044;2.060;2.265;2.282;3.165;3.300
  Идея Банк г. Минск, пр-т Дзержинского, 119  15:25;2.044;2.060;2.265;2.282;3.165;3.300
  МТБанк г. Минск, ул.Толстого,10, 1 этаж  15:25;2.035;2.059;2.265;2.288;3.165;3.210
  МТБанк г. Минск, Привокзальная п-дь, 3 (здание ЖД вокзала, 2 уровень)  15:25;2.035;2.059;2.265;2.288;3.165;3.210
  МТБанк г. Минск, Есенина, 76  15:25;2.035;2.059;2.265;2.288;3.165;3.210
"  МТБанк г.Минск, ул. Уманская, 54 (гипермаркет ""Глобо"", средний уровень)  15:25";2.035;2.059;2.265;2.288;3.165;3.210
  МТБанк г.Минск, пр. Победителей, 59  15:25;2.035;2.059;2.265;2.288;3.165;3.210
  МТБанк г.Минск, пр-т Независимости, 11 к.2  15:25;2.035;2.059;2.265;2.288;3.165;3.210
  МТБанк г.Минск, пр. Независимости, 56 (В зале для клиентов Казино «Casino Club XO»)  15:25;2.035;2.059;2.265;2.288;3.165;3.210
  МТБанк г.Минск, пер. Промышленный 12а  15:25;2.035;2.059;2.265;2.288;3.165;3.210
"  МТБанк г. Минск, ул. Бобруйская, 6 (ТЦ ""Galileo"", 3-й этаж)  15:25";2.035;2.059;2.265;2.288;3.165;3.210
  МТБанк г. Минск, пр-т Машерова, д. 17/3 (В зале для клиентов Казино «Белая вежа»)  15:25;2.035;2.059;2.265;2.288;3.165;3.210
  МТБанк г. Минск, пр. Независимости 11/2  15:25;2.035;2.059;2.265;2.288;3.165;3.210
  МТБанк г. Минск, ул. Мясникова, д. 7 (В зале для клиентов Казино «Универсал»)  15:25;2.035;2.059;2.265;2.288;3.165;3.210
  МТБанк г. Минск, пр-т. Пушкина, д. 39 (В зале для клиентов Казино «У Адмирала»)  15:25;2.035;2.059;2.265;2.288;3.165;3.210
  МТБанк г. Минск, ул. Я. Коласа,1  15:25;2.035;2.059;2.265;2.288;3.165;3.210
  МТБанк г.Минск, пр. Партизанский, 6а, Головной банк, 1 эт  15:25;2.035;2.059;2.265;2.288;3.165;3.210
  МТБанк г. Минск, пр. Машерова, 54  15:25;2.035;2.059;2.265;2.288;3.165;3.210
  МТБанк г. Минск, Игуменский тракт, 16 Б  15:25;2.035;2.059;2.265;2.288;3.165;3.210
  МТБанк г. Минск, ул. Петра Мстиславца 11 (ТРЦ «DANA MALL»)  15:25;2.035;2.059;2.265;2.288;3.165;3.210
  МТБанк г. Минск, ул. Лобанка, 94  15:25;2.035;2.059;2.265;2.288;3.165;3.210
"  МТБанк г.Минск, Куприянова 1а (Бизнес-центре ""Алмаз"")  15:25";2.035;2.059;2.265;2.288;3.165;3.210
  МТБанк г.Минск, пр-т Независимости, 202-3  15:25;2.035;2.059;2.265;2.288;3.165;3.210
  МТБанк г.Минск, ул. Кунцевщина, 2а  15:25;2.035;2.059;2.265;2.288;3.165;3.210
  МТБанк г.Минск, ул. Бурдейного, 6а  15:25;2.035;2.059;2.265;2.288;3.165;3.210
  МТБанк г.Минск, ул. Богдановича, 124  15:25;2.035;2.059;2.265;2.288;3.165;3.210
  МТБанк г. Минск, ул. Мележа,1  15:25;2.035;2.059;2.265;2.288;3.165;3.210
  МТБанк г. Минск, пр-т Партизанский, 150а  15:25;2.035;2.059;2.265;2.288;3.165;3.210
  МТБанк г.Минск, ул. Уманская, 54  15:25;2.035;2.059;2.265;2.288;3.165;3.210
  МТБанк г. Минск, переулок Тучинский, 2а (вход с ул. Кальварийской)  15:25;2.035;2.059;2.265;2.288;3.165;3.210
  МТБанк г. Минск, Партизанский пр-т., 6а, 1 этаж  15:25;2.035;2.059;2.265;2.288;3.165;3.210
  МТБанк г.Минск, пр-т Независимости 60  15:25;2.035;2.059;2.265;2.288;3.165;3.210
  МТБанк г.Минск, пр-т Независимости, 164  15:25;2.035;2.059;2.265;2.288;3.165;3.210
  МТБанк г. Минск, ул. Чкалова, 20  15:25;2.035;2.059;2.265;2.288;3.165;3.210
  МТБанк г. Минск, пересечение пр-та Партизанского и ул. Жилуновича  15:25;2.035;2.059;2.265;2.288;3.165;3.210
  МТБанк г. Минск, пр-т Рокоссовского, 80 (микрорайон «Серебрянка»)  15:25;2.035;2.059;2.265;2.288;3.165;3.210
  МТБанк г. Минск, ул. Притыцкого, 17А-3 (подземный переход ст.м. Пушкинская)  15:25;2.035;2.059;2.265;2.288;3.165;3.210
  МТБанк г. Минск, пр-т Дзержинского, 122  15:25;2.035;2.059;2.265;2.288;3.165;3.210
  МТБанк г. Минск, ул. Толстого, 10, БЦ «Titul»  15:25;2.035;2.059;2.265;2.288;3.165;3.210
  МТБанк г. Минск, ул. Бурдейного, 6 (павильон №19)  15:25;2.035;2.059;2.265;2.288;3.165;3.210
  МТБанк г.Минск, ул. Бобруйская, 15  15:25;2.035;2.059;2.265;2.288;3.165;3.210
  Паритетбанк г.Минск, ул. Киселева, д. 61а  15:25;2.045;2.055;2.262;2.282;3.165;3.195
"  Паритетбанк г. Минск, ул. Гамарника, 16, универсам ""Витебск""  15:25";2.038;2.058;2.255;2.285;3.130;3.200
"  Паритетбанк г. Минск, ул. Тимирязева, 125/1 (павильон ""Мир моды-3"")  15:25";2.038;2.058;2.255;2.285;3.130;3.200
  Паритетбанк г. Минск, ул. Тимирязева, 125/9 (ТД «Ждановичи», блок 4, павильон 8)  15:25;2.038;2.058;2.255;2.285;3.130;3.200
  Паритетбанк г. Минск, Игуменский тракт, 16 (магазин «Ваш выбор»)  15:25;2.038;2.058;2.255;2.285;3.130;3.200
  Паритетбанк г. Минск, пр-т Победителей, 19  15:25;2.038;2.058;2.255;2.285;3.150;3.200
  Паритетбанк г. Минск, пр-т Независимости, 77  15:25;2.045;2.055;2.262;2.282;3.165;3.195
"  Паритетбанк г. Минск, ул. Тимирязева, 114 (ТЦ ""АвтоГрад"")  15:25";2.038;2.058;2.255;2.285;3.130;3.200
"  Паритетбанк Минский р-н, п. Ждановичи, санаторий ""Пралеска""  15:25";2.038;2.058;2.255;2.285;3.130;3.200
"  Паритетбанк г. Минск, ул. Тимирязева, 123/2, ТРЦ ""Град""  15:25";2.038;2.058;2.255;2.285;3.130;3.200
  Паритетбанк г. Минск, пр-т Независимости, 23  15:25;2.038;2.058;2.255;2.285;3.130;3.200
"  Паритетбанк Минская область, Минский район, агрогородок Ждановичи, санаторий ""Белорусочка""  15:25";2.038;2.058;2.255;2.285;3.130;3.200
"  Паритетбанк г. Минск, ул. Тимирязева, 125/10, павильон ""Мир моды-4""  15:25";2.038;2.058;2.255;2.285;3.130;3.200
  Паритетбанк г. Минск, ул. Никифорова, 51  15:25;2.038;2.058;2.255;2.285;3.130;3.200
  Паритетбанк г. Минск, ул. Уручская, 27, каб. 9  15:25;2.038;2.058;2.255;2.285;3.130;3.200
  Паритетбанк г. Минск, ул. Киселева, 61а  15:25;2.045;2.055;2.262;2.282;3.165;3.195
"  Паритетбанк Минская область, Минский район, агрогородок Ждановичи, санаторий ""Криница""  15:25";2.038;2.058;2.255;2.285;3.130;3.200
"  Паритетбанк г. Минск, ул. Кирова, 18 (г-ца ""Президент-отель"")  15:25";2.038;2.058;2.255;2.285;3.150;3.200
"  Паритетбанк г.Минск, пр-т Победителей, 19 (г-ца ""Юбилейная"")  15:25";2.045;2.055;2.262;2.282;3.165;3.195
  Паритетбанк г. Минск, ул. Кижеватова, 7/2  15:25;2.045;2.055;2.262;2.282;3.165;3.195
  Паритетбанк г. Минск, ул. Гамарника, 9/4  15:25;2.045;2.055;2.262;2.282;3.165;3.195
  Паритетбанк г. Минск, пр. Независимости, 40  15:25;2.045;2.055;2.262;2.282;3.165;3.195
  Приорбанк г.Минск, ул. Радиальная, 38-А  15:25;2.037;2.062;2.257;2.287;3.110;3.260
  Приорбанк г. Минск, Партизанский пр-т , 182 (гипермаркет «ProStore»)  15:25;2.037;2.062;2.257;2.287;3.110;3.260
  Приорбанк г. Минск, ул. Городецкая, 30 (гипермаркет «ГИППО»)  15:25;2.037;2.062;2.257;2.287;3.110;3.260
  Приорбанк г. Минск, ул. Игуменский тракт, 30 (гипермаркет «ГИППО»)  15:25;2.037;2.062;2.257;2.287;3.110;3.260
"  Приорбанк г. Минск, пр-т Партизанский, 150А (ТРЦ ""МОМО"")  15:25";2.037;2.062;2.257;2.287;3.110;3.260
  Приорбанк г. Минск, пр-т Дзержинского, 126 (гипермаркет «ProStore»)  15:25;2.037;2.062;2.257;2.287;3.110;3.260
  Приорбанк г. Минск, ул. Сухаревская, 31 (гипермаркет «ГИППО»)  15:25;2.037;2.062;2.257;2.287;3.110;3.260
  Приорбанк Минский район, пересечение Логойского тракта и МКАД (ТРЦ ЭКСПОБЕЛ, гипермаркет BIGZZ)  15:25;2.037;2.062;2.257;2.287;3.110;3.260
  Приорбанк г. Минск, пр-т Рокоссовского, 80  15:25;2.037;2.062;2.257;2.287;3.110;3.260
  Приорбанк г. Минск, пр-т Рокоссовского, 2 (гипермаркет “ГИППО» - 2 этаж)  15:25;2.037;2.062;2.257;2.287;3.110;3.260
  Приорбанк г. Минск, ул. Горецкого, 2 (гипермаркет «ГИППО»)  15:25;2.037;2.062;2.257;2.287;3.110;3.260
  Приорбанк г. Минск ул. Тимирязева, 65-А  15:25;2.037;2.062;2.257;2.287;3.110;3.260
  Приорбанк г. Минск, пр. Победителей, 125  15:25;2.037;2.062;2.257;2.287;3.110;3.260
  Приорбанк г. Минск, ул. Притыцкого, 30А (на выходе из ст.м. Пушкинская)  15:25;2.037;2.062;2.257;2.287;3.110;3.260
  Приорбанк г. Минск, ул. Свердлова, 23 (автоцентр PEUGEOT)  15:25;2.037;2.062;2.257;2.287;3.110;3.260
  Приорбанк г.Минск, Логойский тракт, 15/1  15:25;2.037;2.062;2.257;2.287;3.110;3.260
  Приорбанк г. Минск ул. Тимирязева, 121/4 (рядом с ТЦ «GRAD») 15:25;2.037;2.062;2.257;2.287;3.110;3.260
"  Приорбанк г. Минск, ул. Тимирязева, 123/1 (""ТД""Ждановичи"": в павильоне строительной выставки)  15:25";2.037;2.062;2.257;2.287;3.110;3.260
  Приорбанк г. Минск, ул. Притыцкого, 105 (ст.м. Каменная горка)  15:25;2.037;2.062;2.257;2.287;3.110;3.260
  Приорбанк г.Минск, ул. Притыцкого, 91  15:25;2.037;2.062;2.257;2.287;3.110;3.260
  Приорбанк г.Минск, пр-кт Машерова, 40  15:25;2.037;2.062;2.257;2.287;3.110;3.260
  Приорбанк г. Минск, ул. Макаенка, 23 15:25;2.037;2.062;2.257;2.287;3.110;3.260
  Приорбанк Минский р-он, Западный промузел ТЭЦ– 4 (Дискаунтер «Евроопт»)  15:25;2.037;2.062;2.257;2.287;3.110;3.260
  Приорбанк г.Минск ул. Комсомольская, 13  15:25;2.037;2.062;2.257;2.287;3.110;3.260
  Приорбанк г. Минск ул. Немига, 30 15:25;2.037;2.062;2.257;2.287;3.110;3.260
  Приорбанк г. Минск, пр-т Партизанский, 56/2 15:25;2.037;2.062;2.257;2.287;3.110;3.260
  Приорбанк г. Минск, Партизанский пр-т, 107  15:25;2.037;2.062;2.257;2.287;3.110;3.260
  Приорбанк г. Минск ул. Кропоткина, 91  15:25;2.037;2.062;2.257;2.287;3.110;3.260
  Приорбанк г. Минск ул. Казинца, 92/1  15:25;2.037;2.062;2.257;2.287;3.110;3.260
  Приорбанк г. Минск пр-т Независимости, 172  15:25;2.037;2.062;2.257;2.287;3.110;3.260
  Приорбанк г. Минск, пр-т Независимости, 168/2  15:25;2.037;2.062;2.257;2.287;3.110;3.260
"  Приорбанк г. Минск, ул. Сурганова, 41 (рядом с развлекательным центром ""Айсберг"")  15:25";2.037;2.062;2.257;2.287;3.110;3.260
"  Приорбанк г. Минск пр-т Дзержинского, 104 (БЦ ""Титан"")  15:25";2.037;2.062;2.257;2.287;3.110;3.260
  Приорбанк г. Минск, пр-т Дзержинского, 122  15:25;2.037;2.062;2.257;2.287;3.110;3.260
  РРБ-Банк г. Минск, ул. Краснозвездная, 18  15:25;2.045;2.057;2.265;2.285;3.165;3.200
  РРБ-Банк г. Минск, ул. Маяковского, 184 (Червенский рынок в Лошице)  15:25;2.045;2.057;2.265;2.285;3.165;3.200
  РРБ-Банк г Минск, пр-т Независимости, 58  15:25;2.045;2.057;2.265;2.285;3.165;3.195
  СтатусБанк г. Минск, ул. Денисовская, 8А  23:53;2.040;2.057;2.260;2.280;3.165;3.195
  СтатусБанк г.Минск, ул. Нестерова, 49  23:53;2.035;2.063;2.260;2.286;3.165;3.205
  СтатусБанк г.Минск, ул. Одинцова, 65  23:53;2.035;2.063;2.260;2.286;3.165;3.205
  СтатусБанк г. Минск, пр-кт. Дзержинского, 104  23:53;2.035;2.063;2.260;2.286;3.165;3.205
  СтатусБанк г. Минск, ул. Одинцова, 65  23:53;2.035;2.063;2.260;2.286;3.165;3.205
  СтатусБанк г. Минск, Железнодорожный вокзал, пл. Привокзальная, 3, правое крыло  23:53;2.030;2.070;2.245;2.287;3.020;3.205
  СтатусБанк г. Минск, ул. Я. Коласа, 37  23:53;2.040;2.057;2.260;2.281;3.165;3.195
  СтатусБанк г. Минск, ул. Притыцкого, 89  23:53;2.040;2.057;2.260;2.281;3.165;3.195
  СтатусБанк Минский район, Щомыслицкий с/с, 42/1, Западный промузел ТЭЦ-4  23:53;2.040;2.060;2.260;2.287;3.165;3.200
  СтатусБанк г. Минск, ул. Гошкевича, 3 (ТЦ «Евроопт»)  23:53;2.030;2.062;2.250;2.285;3.140;3.200
  СтатусБанк г. Минск, ул. Казимировская, 6 (ТЦ «Евроопт»)  23:53;2.030;2.062;2.250;2.285;3.140;3.200
  Технобанк г.Минск, ул. Кропоткина, 44  15:25;2.042;2.055;2.260;2.282;3.170;3.200
  Технобанк г. Минск, ул. Петра Мстиславца, 11 (ТРЦ «DANA MALL», 2 этаж, левое крыло)  15:25;2.042;2.055;2.260;2.282;3.170;3.200
"  Технобанк г. Минск, ул. Каролинская 5а (""Виталюр"")  15:25";2.042;2.055;2.260;2.282;3.170;3.200
  Технобанк г. Минск, ул. Немига, 3  23:53;2.040;2.065;2.260;2.290;3.160;3.210
"  Технобанк г. Минск, ул. П. Глебки, 5, ТЦ ""Скала""  23:53";2.040;2.065;2.260;2.290;3.160;3.210
"  Технобанк Минский район, д. Боровая, универсам ""Гиппо""  23:53";2.040;2.065;2.260;2.290;3.160;3.210
"  Технобанк г. Минск, ул. Жуковского, 3, универсам ""Гиппо""  23:53";2.040;2.065;2.260;2.290;3.160;3.210
"  Технобанк Минский район, д. Боровая 1, гипердискаунтер ""Копилка""  23:53";2.040;2.065;2.260;2.290;3.160;3.210
"  Технобанк г. Минск, ул. Немига, 8, универсам ""Немига""  23:53";2.040;2.065;2.260;2.290;3.160;3.210
  Технобанк г. Минск, ул. Мястровская, 27  23:53;2.040;2.065;2.260;2.290;3.160;3.210
  Технобанк г. Минск, ул. Кропоткина, 44, около головного офиса  23:53;2.045;2.058;2.260;2.282;3.170;3.200
"  Технобанк г. Минск, ул. Космонавтов, 5а (""Виталюр"")  23:53";2.040;2.065;2.260;2.290;3.160;3.210
  Технобанк г. Минск, пр. Жукова, 44, ТЦ «Outleto»  23:53;2.040;2.065;2.260;2.290;3.150;3.220
"  Технобанк г. Минск, пр. Машерова, 54, ""Внешинтурист""  23:53";2.040;2.065;2.260;2.290;3.160;3.210
"  Технобанк г. Минск, ул. Воронянского, 19, универсам ""Чкаловский""  23:53";2.040;2.065;2.260;2.290;3.160;3.210
"  Технобанк г. Минск, Логойский тр-т, 37 Супермаркет ""Бигзз""  23:53";2.040;2.065;2.260;2.290;3.160;3.210
  Технобанк д. Сеница, ул. Зеленая, 1/5  23:53;2.040;2.065;2.260;2.290;3.160;3.210
  Технобанк г. Минск, пр. Рокоссовского, 62  23:53;2.040;2.065;2.260;2.290;3.150;3.220
"  Технобанк г. Минск, ул. Ленина, 27, ТЦ ""ЛенинГрад""  23:53";2.040;2.065;2.260;2.290;3.150;3.220
"  Технобанк г. Минск, ул. Крупской, 6/1, универсам ""Виталюр""  23:53";2.040;2.065;2.260;2.290;3.150;3.220
"  Технобанк г. Минск, ул. Голодеда, 15, универсам ""Соседи""  23:53";2.040;2.065;2.260;2.290;3.160;3.210
"  Технобанк г. Минск, ул. Громова, 20, универсам ""Соседи""  23:53";2.040;2.065;2.260;2.290;3.150;3.220
"  Технобанк г. Минск, ул. Немига, 3, ТЦ ""Немига-3"", цокольный этаж  23:53";2.040;2.065;2.260;2.290;3.160;3.210
"  Технобанк г. Минск, пр. Независимости, 54, ЦУМ ""Минск""  23:53";2.040;2.065;2.260;2.290;3.160;3.210
  Технобанк г. Минск, ул. Руссиянова, 8  15:25;2.042;2.055;2.260;2.282;3.170;3.200
"  Технобанк г. Минск, пр. Победителей, 101/12, ТД ""Рамонак""  23:53";2.040;2.065;2.260;2.290;3.150;3.220
"  Технобанк г. Минск, ул. Калиновского, 66а, ТЦ ""Восток""  23:53";2.040;2.065;2.260;2.290;3.150;3.220
"  Технобанк г. Минск, пр. Победителей, 9, ТЦ ""GALLERIA MINSK""  15:25";2.042;2.055;2.260;2.282;3.170;3.200
  Технобанк г. Минск, пр. Газеты Правда, 20  23:53;2.040;2.065;2.260;2.290;3.160;3.210
"  Технобанк Минская область, Минский район, 9-й километр Московского шоссе (""Виталюр"")  23:53";2.040;2.065;2.260;2.290;3.150;3.220
"  Технобанк г. Минск, ул. Налибокская, 1 (ТЦ ""Караван"")  15:25";2.042;2.055;2.260;2.285;3.170;3.200
"  Технобанк г. Минск, Логойский тракт, 46, АЗС ""United Company""  23:53";2.040;2.065;2.260;2.290;3.150;3.220
"  Технобанк г. Минск, ул. Бобруйская, 6 (ТЦ ""Галилео""). До 10.00 проход к обменному пункту со стороны билетных касс автовокзала (2-ой этаж)  15:25";2.042;2.055;2.260;2.285;3.170;3.200
"  Технобанк г. Минск, ул. Кальварийская, 42 (""Испанский визовый центр"")  23:53";2.040;2.065;2.260;2.290;3.160;3.210
"  Технобанк г. Минск, ул. В.Хоружей, 1a (ТЦ ""Силуэт"")  23:53";2.040;2.065;2.260;2.290;3.160;3.210
"  Технобанк г. Минск, ул. В. Хоружей, 1а (ТЦ ""Силуэт"")  23:53";2.040;2.065;2.260;2.290;3.160;3.210
"  Технобанк г. Минск, ул. Притыцкого, 29, супермаркет ""Евроопт""  23:53";2.040;2.065;2.260;2.290;3.160;3.210
  Технобанк г. Минск ул. Руссиянова, 8  15:25;2.042;2.055;2.260;2.282;3.170;3.200
"  Технобанк г. Минск, проспект Независимости 117а (ТЦ ""Александров Пассаж"" (вход со стороны ул.Филимонова))  15:25";2.042;2.055;2.260;2.282;3.170;3.200
  Технобанк г. Минск, ул. Кульман, 21б  23:53;2.048;2.060;2.265;2.295;3.178;3.200
  Технобанк г. Минск, ул. Петра Мстиславца 11 (ТРЦ «DANA MALL»)  15:25;2.042;2.055;2.260;2.282;3.170;3.200
"  Технобанк г. Минск, пр-т Победителей, 65 (ТЦ ""Замок"")  15:25";2.042;2.055;2.260;2.285;3.170;3.200
  Технобанк г. Минск, ул. Долгиновский тракт, 188, ТЦ «All house»  15:25;2.042;2.055;2.260;2.285;3.170;3.200
  Технобанк г. Минск, ул. Притыцкого, 156 (Каменная Горка, ТРЦ Green City)  15:25;2.042;2.055;2.260;2.285;3.170;3.200
  Технобанк г.Минск, ул. Володарского, 4  15:25;2.042;2.055;2.260;2.282;3.170;3.200
  Технобанк г.Минск, ул. Мельникайте, 8  23:53;2.045;2.058;2.260;2.282;3.170;3.200
  Технобанк г. Минск, ул. Я.Коласа, 4  15:25;2.042;2.055;2.260;2.282;3.170;3.200
  ТК Банк г. Минск, ул. Тимирязева 65А  15:25;2.040;2.060;2.260;2.280;3.170;3.185
  ТК Банк г. Минск, ул. Тимирязева, д. 65А (второй этаж)  15:25;2.040;2.060;2.260;2.280;3.170;3.185
  Франсабанк г.Минск, пр-т. Независимости, 95 A 15:25;2.046;2.054;2.265;2.278;3.175;3.200
"  Франсабанк г.Минск, ул. Скрипникова, 15а (Универсам ""Алми"")  15:25";2.030;2.060;2.250;2.285;3.150;3.200
"  Франсабанк г.Минск, ул. Рафиева, 56 (ТЦ ""Виталюр"")  15:25";2.035;2.060;2.250;2.285;3.150;3.200
"  Франсабанк г.Минск, ул. Уборевича, 144А (У-м ""Чижовский двор"")  15:25";2.035;2.060;2.250;2.285;3.150;3.200
"  Франсабанк г. Минск, ул. Некрасова, 3а (магазин ""Виталюр"")  15:25";2.035;2.060;2.250;2.285;3.150;3.200
  Франсабанк г. Минск, ул. Мирошниченко, 3  15:25;2.035;2.060;2.250;2.285;3.150;3.200
"  Франсабанк г.Минск, Игуменский тр-т, 11 (ТЦ ""Виталюр"") 15:25";2.030;2.060;2.250;2.285;3.150;3.200
"  Франсабанк г.Минск, ул. Козлова, 2 (м-н ""Океан"")  15:25";2.046;2.054;2.265;2.278;3.175;3.200
"  Франсабанк г.Минск, ул. Голубева, 24a (ОДО ""Виталюр"")  15:25";2.030;2.060;2.250;2.285;3.150;3.200
  Франсабанк г.Минск, ул. Нестерова, 49  15:25;2.030;2.060;2.250;2.285;3.150;3.200
  Франсабанк г. Минск, ул. Нестерова, 49  15:25;2.035;2.060;2.250;2.285;3.150;3.200
"  Франсабанк г.Минск, пр-т. Победителей, 65 (ТЦ ""Замок"")  15:25";2.040;2.055;2.255;2.280;3.160;3.200
"  Франсабанк г.Минск, ул. Жиновича, д.7 (ОДО ""Виталюр"")  15:25";2.035;2.060;2.250;2.285;3.150;3.200
"  Франсабанк г. Минск, ул. Космонавтов, 28 (магазин ""Виталюр"")  15:25";2.046;2.054;2.265;2.278;3.175;3.200
  Франсабанк г.Минск, ул. Кульман, 5Б  15:25;2.035;2.060;2.250;2.285;3.150;3.200
  Франсабанк г.Минск, ул. Кальварийская, 4  15:25;2.046;2.054;2.265;2.278;3.175;3.200
"  Франсабанк г.Минск, ул. Домбровская, 9 (Бизнес-Центр ""Sky Towers"")  15:25";2.046;2.054;2.265;2.278;3.175;3.200
"  Франсабанк г.Минск, ул. Жиновича, 7 (ТЦ ""Виталюр"")  15:25";2.046;2.054;2.265;2.278;3.175;3.200
  Цептер Банк г. Минск, ул. Платонова, 1Б  15:25;2.040;2.060;2.265;2.285;3.140;3.210
  Цептер Банк г. Минск, ул. Тимирязева, 114 (1 этаж «Хёндэ АвтоГрад»)  15:25;2.040;2.060;2.265;2.285;3.140;3.210
  Цептер Банк г. Минск, ул. Тимирязева, 127 (1 этаж в здании паркинга)  15:25;2.040;2.060;2.265;2.285;3.140;3.210
  Цептер Банк г. Минск, ул. Тимирязева,127, 1 этаж, гипермаркет «МИЛЕ».  15:25;2.040;2.060;2.265;2.285;3.140;3.210
  Цептер Банк г. Минск, ул. Платонова, 1 Б  15:25;2.040;2.060;2.265;2.285;3.140;3.210
